ASSESSMENT_START_TIME;FINDING_UNIQUE_ID;PROVIDER;CHECK_ID;CHECK_TITLE;CHECK_TYPE;STATUS;STATUS_EXTENDED;SERVICE_NAME;SUBSERVICE_NAME;SEVERITY;RESOURCE_TYPE;RESOURCE_DETAILS;RESOURCE_TAGS;DESCRIPTION;RISK;RELATED_URL;REMEDIATION_RECOMMENDATION_TEXT;REMEDIATION_RECOMMENDATION_URL;REMEDIATION_RECOMMENDATION_CODE_NATIVEIAC;REMEDIATION_RECOMMENDATION_CODE_TERRAFORM;REMEDIATION_RECOMMENDATION_CODE_CLI;REMEDIATION_RECOMMENDATION_CODE_OTHER;COMPLIANCE;CATEGORIES;DEPENDS_ON;RELATED_TO;NOTES;PROFILE;ACCOUNT_ID;ACCOUNT_NAME;ACCOUNT_EMAIL;ACCOUNT_ARN;ACCOUNT_ORG;ACCOUNT_TAGS;REGION;RESOURCE_ID;RESOURCE_ARN
2026-06-07T12:39:22.432298;prowler-aws-account_maintain_current_contact_details-578739262764-us-east-1-578739262764;aws;account_maintain_current_contact_details;Maintain current contact details.;IAM;INFO;Manual check: Login to the AWS Console. Choose your account name on the top right of the window -> My Account -> Contact Information.;account;;medium;Other;;;Maintain current contact details.;"Ensure contact email and telephone details for AWS accounts are current and map to more than one individual in your organization. An AWS account supports a number of contact details; and AWS will use these to contact the account owner if activity judged to be in breach of Acceptable Use Policy. If an AWS account is observed to be behaving in a prohibited or suspicious manner; AWS will attempt to contact the account owner by email and phone using the contact details listed. If this is unsuccessful and the account behavior needs urgent mitigation; proactive measures may be taken; including throttling of traffic between the account exhibiting suspicious behavior and the AWS API endpoints and the Internet. This will result in impaired service to and from the account in question.";;Using the Billing and Cost Management console complete contact details.;https://docs.aws.amazon.com/accounts/latest/reference/manage-acct-update-contact.html;;;No command available.;https://docs.bridgecrew.io/docs/iam_18-maintain-contact-details#aws-console;CIS-1.4: 1.1 | CIS-1.5: 1.1 | CIS-2.0: 1.1 | AWS-Well-Architected-Framework-Security-Pillar: SEC03-BP03, SEC10-BP01 | ENS-RD2022: op.ext.7.aws.am.1;;;;;default;578739262764;;;;;;us-east-1;578739262764;arn:aws:iam::578739262764:root
2026-06-07T12:39:22.432298;prowler-aws-account_maintain_different_contact_details_to_security_billing_and_operations-578739262764-us-east-1-578739262764;aws;account_maintain_different_contact_details_to_security_billing_and_operations;Maintain different contact details to security, billing and operations.;IAM;FAIL;SECURITY, BILLING and OPERATIONS contacts not found or they are not different between each other and between ROOT contact.;account;;medium;Other;;;Maintain different contact details to security, billing and operations.;"Ensure contact email and telephone details for AWS accounts are current and map to more than one individual in your organization. An AWS account supports a number of contact details; and AWS will use these to contact the account owner if activity judged to be in breach of Acceptable Use Policy. If an AWS account is observed to be behaving in a prohibited or suspicious manner; AWS will attempt to contact the account owner by email and phone using the contact details listed. If this is unsuccessful and the account behavior needs urgent mitigation; proactive measures may be taken; including throttling of traffic between the account exhibiting suspicious behavior and the AWS API endpoints and the Internet. This will result in impaired service to and from the account in question.";https://docs.aws.amazon.com/accounts/latest/reference/manage-acct-update-contact.html;Using the Billing and Cost Management console complete contact details.;https://docs.aws.amazon.com/accounts/latest/reference/manage-acct-update-contact.html;;;;https://docs.bridgecrew.io/docs/iam_18-maintain-contact-details#aws-console;;;;;;default;578739262764;;;;;;us-east-1;578739262764;arn:aws:iam::578739262764:root
2026-06-07T12:39:22.432298;prowler-aws-account_security_contact_information_is_registered-578739262764-us-east-1-578739262764;aws;account_security_contact_information_is_registered;Ensure security contact information is registered.;IAM;INFO;Manual check: Login to the AWS Console. Choose your account name on the top right of the window -> My Account -> Alternate Contacts -> Security Section.;account;;medium;Other;;;Ensure security contact information is registered.;AWS provides customers with the option of specifying the contact information for accounts security team. It is recommended that this information be provided. Specifying security-specific contact information will help ensure that security advisories sent by AWS reach the team in your organization that is best equipped to respond to them.;;Go to the My Account section and complete alternate contacts.;https://docs.aws.amazon.com/accounts/latest/reference/manage-acct-update-contact.html;;;No command available.;https://docs.bridgecrew.io/docs/iam_19#aws-console;CIS-1.4: 1.2 | CIS-1.5: 1.2 | AWS-Foundational-Security-Best-Practices: account, acm | CIS-2.0: 1.2 | AWS-Well-Architected-Framework-Security-Pillar: SEC03-BP03, SEC10-BP01 | ENS-RD2022: op.ext.7.aws.am.1;;;;;default;578739262764;;;;;;us-east-1;578739262764;arn:aws:iam::578739262764:root
2026-06-07T12:39:22.432298;prowler-aws-account_security_questions_are_registered_in_the_aws_account-578739262764-us-east-1-578739262764;aws;account_security_questions_are_registered_in_the_aws_account;Ensure security questions are registered in the AWS account.;IAM;INFO;Manual check: Login to the AWS Console as root. Choose your account name on the top right of the window -> My Account -> Configure Security Challenge Questions.;account;;medium;Other;;;Ensure security questions are registered in the AWS account.;The AWS support portal allows account owners to establish security questions that can be used to authenticate individuals calling AWS customer service for support. It is recommended that security questions be established. When creating a new AWS account a default super user is automatically created. This account is referred to as the root account. It is recommended that the use of this account be limited and highly controlled. During events in which the root password is no longer accessible or the MFA token associated with root is lost/destroyed it is possible through authentication using secret questions and associated answers to recover root login access.;;Login as root account and from My Account configure Security questions.;https://docs.aws.amazon.com/accounts/latest/reference/manage-acct-security-challenge.html;;;No command available.;https://docs.bridgecrew.io/docs/iam_15;CIS-1.4: 1.3 | CIS-1.5: 1.3 | CIS-2.0: 1.3 | AWS-Well-Architected-Framework-Security-Pillar: SEC03-BP03, SEC10-BP01 | ENS-RD2022: op.ext.7.aws.am.1;;;;;default;578739262764;;;;;;us-east-1;578739262764;arn:aws:iam::578739262764:root
2026-06-07T12:39:22.432298;prowler-aws-backup_vaults_exist-578739262764-us-east-1-578739262764;aws;backup_vaults_exist;Ensure AWS Backup vaults exist;Recover,Resilience,Backup;FAIL;No Backup Vault exist.;backup;;low;AwsBackupBackupVault;;;This check ensures that AWS Backup vaults exist to provide a secure and durable storage location for backup data.;Without an AWS Backup vault, an organization's critical data may be at risk of being lost in the event of an accidental deletion, system failures, or natural disasters.;https://docs.aws.amazon.com/aws-backup/latest/devguide/vaults.html;Use AWS Backup to create backup vaults for your critical data and services.;https://docs.aws.amazon.com/aws-backup/latest/devguide/vaults.html;;;aws backup create-backup-vault --backup-vault-name <backup_vault_name>;;ENS-RD2022: mp.info.6.aws.bcku.1;;;;;default;578739262764;;;;;;us-east-1;578739262764;arn:aws:iam::578739262764:root
2026-06-07T12:39:22.432298;prowler-aws-cloudtrail_multi_region_enabled_logging_management_events-578739262764-us-east-1-578739262764;aws;cloudtrail_multi_region_enabled_logging_management_events;Ensure CloudTrail logging management events in All Regions;CIS AWS Foundations Benchmark;FAIL;No trail found with multi-region enabled and logging management events.;cloudtrail;;low;AwsCloudTrailTrail;;;Ensure CloudTrail logging management events in All Regions;AWS CloudTrail enables governance, compliance, operational auditing, and risk auditing of your AWS account. To meet FTR requirements, you must have management events enabled for all AWS accounts and in all regions and aggregate these logs into an Amazon Simple Storage Service (Amazon S3) bucket owned by a separate AWS account.;https://docs.bridgecrew.io/docs/logging_14;Enable CloudTrail logging management events in All Regions;https://docs.bridgecrew.io/docs/logging_14;;https://docs.bridgecrew.io/docs/logging_14#terraform;aws cloudtrail update-trail --name <trail_name> --is-multi-region-trail;https://docs.bridgecrew.io/docs/logging_14;;forensics-ready;;;;default;578739262764;;;;;;us-east-1;578739262764;arn:aws:iam::578739262764:root
2026-06-07T12:39:22.432298;prowler-aws-cloudtrail_s3_dataevents_read_enabled-578739262764-us-east-1-578739262764;aws;cloudtrail_s3_dataevents_read_enabled;Check if S3 buckets have Object-level logging for read events is enabled in CloudTrail.;Logging and Monitoring;FAIL;No CloudTrail trails have a data event to record all S3 object-level API operations.;cloudtrail;;low;AwsS3Bucket;;;Ensure that all your AWS CloudTrail trails are configured to log Data events in order to record S3 object-level API operations, such as GetObject, DeleteObject and PutObject, for individual S3 buckets or for all current and future S3 buckets provisioned in your AWS account.;If logs are not enabled, monitoring of service use and threat analysis is not possible.;;Enable logs. Create an S3 lifecycle policy. Define use cases, metrics and automated responses where applicable.;https://docs.aws.amazon.com/AmazonS3/latest/userguide/enable-cloudtrail-logging-for-s3.html;;;aws cloudtrail put-event-selectors --trail-name <YOUR_TRAIL_NAME_HERE> --event-selectors '[{ 'ReadWriteType': 'ReadOnly', 'IncludeManagementEvents':true, 'DataResources': [{ 'Type': 'AWS::S3::Object', 'Values': ['arn:aws:s3'] }] }]';;CISA: your-systems-3, your-data-2 | SOC2: cc_2_1, cc_7_2 | CIS-1.4: 3.11 | CIS-1.5: 3.11 | GDPR: article_30 | HIPAA: 164_308_a_1_ii_d, 164_308_a_3_ii_a, 164_308_a_6_ii, 164_312_a_2_i, 164_312_b, 164_312_e_2_i | CIS-2.0: 3.11 | GxP-21-CFR-Part-11: 11.10-e, 11.10-k | AWS-Well-Architected-Framework-Security-Pillar: SEC04-BP01 | GxP-EU-Annex-11: 8.2-printouts-data-changes, 9-audit-trails, 12.4-security-audit-trail | NIST-800-171-Revision-2: 3_1_12, 3_3_1, 3_3_2, 3_3_3, 3_13_1, 3_14_6, 3_14_7 | NIST-800-53-Revision-4: ac_2, au_2, au_3, au_12 | NIST-800-53-Revision-5: ac_2_4, ac_3_1, ac_3_10, ac_4_26, ac_6_9, au_2_b, au_3_a, au_3_b, au_3_c, au_3_d, au_3_e, au_3_f, au_6_3, au_6_4, au_6_6, au_6_9, au_8_b, au_10, au_12_a, au_12_c, au_12_1, au_12_2, au_12_3, au_12_4, au_14_a, au_14_b, au_14_3, ca_7_b, cm_5_1_b, cm_6_a, cm_9_b, ia_3_3_b, ma_4_1_a, pm_14_a_1, pm_14_b, pm_31, sc_7_9_b, si_1_1_c, si_3_8_b, si_4_2, si_4_17, si_4_20, si_7_8, si_10_1_c | ENS-RD2022: op.exp.8.r1.aws.ct.2, op.exp.8.r1.aws.ct.4 | NIST-CSF-1.1: ae_3, ae_4, cm_1, cm_3, cm_6, cm_7, ds_5 | RBI-Cyber-Security-Framework: annex_i_7_4 | FFIEC: d2-ma-ma-b-1, d2-ma-ma-b-2, d3-dc-an-b-3, d3-dc-an-b-4, d3-dc-ev-b-1, d5-dr-de-b-3 | FedRamp-Moderate-Revision-4: ac-2-4, ac-2-g, au-2-a-d, au-3, au-6-1-3, au-12-a-c, ca-7-a-b, si-4-16, si-4-2, si-4-4, si-4-5 | FedRAMP-Low-Revision-4: ac-2, au-2, ca-7;;;;;default;578739262764;;;;;;us-east-1;578739262764;arn:aws:iam::578739262764:root
2026-06-07T12:39:22.432298;prowler-aws-cloudtrail_s3_dataevents_write_enabled-578739262764-us-east-1-578739262764;aws;cloudtrail_s3_dataevents_write_enabled;Check if S3 buckets have Object-level logging for write events is enabled in CloudTrail.;Logging and Monitoring;FAIL;No CloudTrail trails have a data event to record all S3 object-level API operations.;cloudtrail;;low;AwsS3Bucket;;;Ensure that all your AWS CloudTrail trails are configured to log Data events in order to record S3 object-level API operations, such as GetObject, DeleteObject and PutObject, for individual S3 buckets or for all current and future S3 buckets provisioned in your AWS account.;If logs are not enabled, monitoring of service use and threat analysis is not possible.;;Enable logs. Create an S3 lifecycle policy. Define use cases, metrics and automated responses where applicable.;https://docs.aws.amazon.com/AmazonS3/latest/userguide/enable-cloudtrail-logging-for-s3.html;;;aws cloudtrail put-event-selectors --trail-name <YOUR_TRAIL_NAME_HERE> --event-selectors '[{ 'ReadWriteType': 'WriteOnly', 'IncludeManagementEvents':true, 'DataResources': [{ 'Type': 'AWS::S3::Object', 'Values': ['arn:aws:s3'] }] }]';;CISA: your-systems-3, your-data-2 | SOC2: cc_2_1, cc_7_2 | CIS-1.4: 3.10 | CIS-1.5: 3.10 | GDPR: article_30 | HIPAA: 164_308_a_1_ii_d, 164_308_a_3_ii_a, 164_308_a_6_ii, 164_312_a_2_i, 164_312_b, 164_312_e_2_i | CIS-2.0: 3.10 | GxP-21-CFR-Part-11: 11.10-e, 11.10-k | AWS-Well-Architected-Framework-Security-Pillar: SEC04-BP01 | GxP-EU-Annex-11: 8.2-printouts-data-changes, 9-audit-trails, 12.4-security-audit-trail | NIST-800-171-Revision-2: 3_1_12, 3_3_1, 3_3_2, 3_3_3, 3_13_1, 3_14_6, 3_14_7 | NIST-800-53-Revision-4: ac_2, au_2, au_3, au_12 | NIST-800-53-Revision-5: ac_2_4, ac_3_1, ac_3_10, ac_4_26, ac_6_9, au_2_b, au_3_a, au_3_b, au_3_c, au_3_d, au_3_e, au_3_f, au_6_3, au_6_4, au_6_6, au_6_9, au_8_b, au_10, au_12_a, au_12_c, au_12_1, au_12_2, au_12_3, au_12_4, au_14_a, au_14_b, au_14_3, ca_7_b, cm_5_1_b, cm_6_a, cm_9_b, ia_3_3_b, ma_4_1_a, pm_14_a_1, pm_14_b, pm_31, sc_7_9_b, si_1_1_c, si_3_8_b, si_4_2, si_4_17, si_4_20, si_7_8, si_10_1_c | ENS-RD2022: op.exp.8.aws.ct.4, op.exp.8.r1.aws.ct.2, op.exp.8.r1.aws.ct.4 | NIST-CSF-1.1: ae_3, ae_4, cm_1, cm_3, cm_6, cm_7, ds_5 | RBI-Cyber-Security-Framework: annex_i_7_4 | FFIEC: d2-ma-ma-b-1, d2-ma-ma-b-2, d3-dc-an-b-3, d3-dc-an-b-4, d3-dc-ev-b-1, d5-dr-de-b-3 | FedRamp-Moderate-Revision-4: ac-2-4, ac-2-g, au-2-a-d, au-3, au-6-1-3, au-12-a-c, ca-7-a-b, si-4-16, si-4-2, si-4-4, si-4-5 | FedRAMP-Low-Revision-4: ac-2, au-2, ca-7;forensics-ready;;;;default;578739262764;;;;;;us-east-1;578739262764;arn:aws:iam::578739262764:root
2026-06-07T12:39:22.432298;prowler-aws-cloudwatch_changes_to_network_acls_alarm_configured-578739262764-us-east-1-578739262764;aws;cloudwatch_changes_to_network_acls_alarm_configured;Ensure a log metric filter and alarm exist for changes to Network Access Control Lists (NACL).;Software and Configuration Checks/Industry and Regulatory Standards/CIS AWS Foundations Benchmark;FAIL;No CloudWatch log groups found with metric filters or alarms associated.;cloudwatch;;medium;AwsCloudTrailTrail;;;Ensure a log metric filter and alarm exist for changes to Network Access Control Lists (NACL).;Monitoring unauthorized API calls will help reveal application errors and may reduce time to detect malicious activity.;https://docs.aws.amazon.com/awscloudtrail/latest/userguide/cloudwatch-alarms-for-cloudtrail.html;It is recommended that a metric filter and alarm be established for unauthorized requests.;https://docs.aws.amazon.com/awscloudtrail/latest/userguide/cloudwatch-alarms-for-cloudtrail.html;;https://docs.bridgecrew.io/docs/monitoring_11#fix---buildtime;https://docs.bridgecrew.io/docs/monitoring_11#procedure;;SOC2: cc_7_2, cc_7_3, cc_7_4 | CIS-1.4: 4.11 | CIS-1.5: 4.11 | MITRE-ATTACK: T1496 | ISO27001-2013: A.12.4 | HIPAA: 164_308_a_6_i | CIS-2.0: 4.11 | AWS-Well-Architected-Framework-Security-Pillar: SEC04-BP04 | NIST-800-171-Revision-2: 3_6_1, 3_6_2, 3_12_4 | NIST-800-53-Revision-4: ac_2_4, au_6_1, au_6_3, au_7_1, ca_7, ir_4_1, si_4_2, si_4_4, si_4_5, si_4 | NIST-800-53-Revision-5: au_6_1, au_6_5, au_12_3, au_14_a, au_14_b, ca_2_2, ca_7, ca_7_b, pm_14_a_1, pm_14_b, pm_31, sc_36_1_a, si_2_a, si_4_12, si_5_1, si_5_b | NIST-CSF-1.1: ae_5, cm_2, cm_5, cp_4, ra_5 | FFIEC: d5-dr-de-b-1, d5-dr-de-b-3 | FedRamp-Moderate-Revision-4: ac-2-4, au-6-1-3, au-7-1, ca-7-a-b, ir-4-1, ir-4-1, si-4-2, si-4-4, si-4-5, si-4-a-b-c | FedRAMP-Low-Revision-4: ac-2, ca-7, ir-4;;;;Logging and Monitoring;default;578739262764;;;;;;us-east-1;578739262764;arn:aws:iam::578739262764:root
2026-06-07T12:39:22.432298;prowler-aws-cloudwatch_changes_to_network_gateways_alarm_configured-578739262764-us-east-1-578739262764;aws;cloudwatch_changes_to_network_gateways_alarm_configured;Ensure a log metric filter and alarm exist for changes to network gateways.;Software and Configuration Checks/Industry and Regulatory Standards/CIS AWS Foundations Benchmark;FAIL;No CloudWatch log groups found with metric filters or alarms associated.;cloudwatch;;medium;AwsCloudTrailTrail;;;Ensure a log metric filter and alarm exist for changes to network gateways.;Monitoring unauthorized API calls will help reveal application errors and may reduce time to detect malicious activity.;https://docs.aws.amazon.com/awscloudtrail/latest/userguide/cloudwatch-alarms-for-cloudtrail.html;It is recommended that a metric filter and alarm be established for unauthorized requests.;https://docs.aws.amazon.com/awscloudtrail/latest/userguide/cloudwatch-alarms-for-cloudtrail.html;;https://docs.bridgecrew.io/docs/monitoring_12#fix---buildtime;https://docs.bridgecrew.io/docs/monitoring_12#procedure;;SOC2: cc_7_2, cc_7_3, cc_7_4 | CIS-1.4: 4.12 | CIS-1.5: 4.12 | MITRE-ATTACK: T1496 | ISO27001-2013: A.12.4 | HIPAA: 164_308_a_6_i | CIS-2.0: 4.12 | AWS-Well-Architected-Framework-Security-Pillar: SEC04-BP04 | NIST-800-171-Revision-2: 3_6_1, 3_6_2, 3_12_4 | NIST-800-53-Revision-4: ac_2_4, au_6_1, au_6_3, au_7_1, ca_7, ir_4_1, si_4_2, si_4_4, si_4_5, si_4 | NIST-800-53-Revision-5: au_6_1, au_6_5, au_12_3, au_14_a, au_14_b, ca_2_2, ca_7, ca_7_b, pm_14_a_1, pm_14_b, pm_31, sc_36_1_a, si_2_a, si_4_12, si_5_1, si_5_b | NIST-CSF-1.1: ae_5, cm_2, cm_5, cp_4, ra_5 | FFIEC: d5-dr-de-b-1, d5-dr-de-b-3 | FedRamp-Moderate-Revision-4: ac-2-4, au-6-1-3, au-7-1, ca-7-a-b, ir-4-1, ir-4-1, si-4-2, si-4-4, si-4-5, si-4-a-b-c | FedRAMP-Low-Revision-4: ir-4;;;;Logging and Monitoring;default;578739262764;;;;;;us-east-1;578739262764;arn:aws:iam::578739262764:root
2026-06-07T12:39:22.432298;prowler-aws-cloudwatch_changes_to_network_route_tables_alarm_configured-578739262764-us-east-1-578739262764;aws;cloudwatch_changes_to_network_route_tables_alarm_configured;Ensure a log metric filter and alarm exist for route table changes.;Software and Configuration Checks/Industry and Regulatory Standards/CIS AWS Foundations Benchmark;FAIL;No CloudWatch log groups found with metric filters or alarms associated.;cloudwatch;;medium;AwsCloudTrailTrail;;;Ensure a log metric filter and alarm exist for route table changes.;Monitoring unauthorized API calls will help reveal application errors and may reduce time to detect malicious activity.;https://docs.aws.amazon.com/awscloudtrail/latest/userguide/cloudwatch-alarms-for-cloudtrail.html;It is recommended that a metric filter and alarm be established for unauthorized requests.;https://docs.aws.amazon.com/awscloudtrail/latest/userguide/cloudwatch-alarms-for-cloudtrail.html;;https://docs.bridgecrew.io/docs/monitoring_13#fix---buildtime;https://docs.bridgecrew.io/docs/monitoring_13#procedure;;SOC2: cc_7_2, cc_7_3, cc_7_4 | CIS-1.4: 4.13 | CIS-1.5: 4.13 | MITRE-ATTACK: T1496 | ISO27001-2013: A.12.4 | HIPAA: 164_308_a_6_i | CIS-2.0: 4.13 | AWS-Well-Architected-Framework-Security-Pillar: SEC04-BP04 | NIST-800-171-Revision-2: 3_6_1, 3_6_2, 3_12_4 | NIST-800-53-Revision-4: ac_2_4, au_6_1, au_6_3, au_7_1, ca_7, ir_4_1, si_4_2, si_4_4, si_4_5, si_4 | NIST-800-53-Revision-5: au_6_1, au_6_5, au_12_3, au_14_a, au_14_b, ca_2_2, ca_7, ca_7_b, pm_14_a_1, pm_14_b, pm_31, sc_36_1_a, si_2_a, si_4_12, si_5_1, si_5_b | NIST-CSF-1.1: ae_5, cm_2, cm_5, cp_4, ra_5 | FFIEC: d5-dr-de-b-1, d5-dr-de-b-3 | FedRamp-Moderate-Revision-4: ac-2-4, au-6-1-3, au-7-1, ca-7-a-b, ir-4-1, ir-4-1, si-4-2, si-4-4, si-4-5, si-4-a-b-c | FedRAMP-Low-Revision-4: ir-4;;;;Logging and Monitoring;default;578739262764;;;;;;us-east-1;578739262764;arn:aws:iam::578739262764:root
2026-06-07T12:39:22.432298;prowler-aws-cloudwatch_changes_to_vpcs_alarm_configured-578739262764-us-east-1-578739262764;aws;cloudwatch_changes_to_vpcs_alarm_configured;Ensure a log metric filter and alarm exist for VPC changes.;Software and Configuration Checks/Industry and Regulatory Standards/CIS AWS Foundations Benchmark;FAIL;No CloudWatch log groups found with metric filters or alarms associated.;cloudwatch;;medium;AwsCloudTrailTrail;;;Ensure a log metric filter and alarm exist for VPC changes.;Monitoring unauthorized API calls will help reveal application errors and may reduce time to detect malicious activity.;https://docs.aws.amazon.com/awscloudtrail/latest/userguide/cloudwatch-alarms-for-cloudtrail.html;It is recommended that a metric filter and alarm be established for unauthorized requests.;https://docs.aws.amazon.com/awscloudtrail/latest/userguide/cloudwatch-alarms-for-cloudtrail.html;;https://docs.bridgecrew.io/docs/monitoring_14#fix---buildtime;https://docs.bridgecrew.io/docs/monitoring_14#procedure;;SOC2: cc_7_2, cc_7_3, cc_7_4 | CIS-1.4: 4.14 | CIS-1.5: 4.14 | MITRE-ATTACK: T1496 | ISO27001-2013: A.12.4 | HIPAA: 164_308_a_6_i | CIS-2.0: 4.14 | AWS-Well-Architected-Framework-Security-Pillar: SEC04-BP04 | NIST-800-171-Revision-2: 3_6_1, 3_6_2, 3_12_4 | NIST-800-53-Revision-4: ac_2_4, au_6_1, au_6_3, au_7_1, ca_7, ir_4_1, si_4_2, si_4_4, si_4_5, si_4 | NIST-800-53-Revision-5: au_6_1, au_6_5, au_12_3, au_14_a, au_14_b, ca_2_2, ca_7, ca_7_b, pm_14_a_1, pm_14_b, pm_31, sc_36_1_a, si_2_a, si_4_12, si_5_1, si_5_b | NIST-CSF-1.1: ae_5, cm_2, cm_5, cp_4, ra_5 | FFIEC: d5-dr-de-b-1, d5-dr-de-b-3 | FedRamp-Moderate-Revision-4: ac-2-4, au-6-1-3, au-7-1, ca-7-a-b, ir-4-1, ir-4-1, si-4-2, si-4-4, si-4-5, si-4-a-b-c | FedRAMP-Low-Revision-4: ir-4;;;;Logging and Monitoring;default;578739262764;;;;;;us-east-1;578739262764;arn:aws:iam::578739262764:root
2026-06-07T12:39:22.432298;prowler-aws-cloudwatch_cross_account_sharing_disabled-578739262764-us-east-1-578739262764;aws;cloudwatch_cross_account_sharing_disabled;Check if CloudWatch has allowed cross-account sharing.;Logging and Monitoring;PASS;CloudWatch doesn't allow cross-account sharing.;cloudwatch;;medium;AwsCloudWatch;;;Check if CloudWatch has allowed cross-account sharing.;Cross-Account access to CloudWatch could increase the risk of compromising information between accounts.;https://docs.aws.amazon.com/AmazonCloudWatch/latest/monitoring/Cross-Account-Cross-Region.html;Grant usage permission on a per-resource basis to enforce least privilege and Zero Trust principles.;https://docs.aws.amazon.com/AmazonCloudWatch/latest/monitoring/Cross-Account-Cross-Region.html;;;;;AWS-Well-Architected-Framework-Security-Pillar: SEC03-BP01 | ENS-RD2022: op.acc.4.aws.iam.1;;;;;default;578739262764;;;;;;us-east-1;578739262764;arn:aws:iam::578739262764:root
2026-06-07T12:39:22.432298;prowler-aws-cloudwatch_log_metric_filter_and_alarm_for_aws_config_configuration_changes_enabled-578739262764-us-east-1-578739262764;aws;cloudwatch_log_metric_filter_and_alarm_for_aws_config_configuration_changes_enabled;Ensure a log metric filter and alarm exist for AWS Config configuration changes.;Software and Configuration Checks/Industry and Regulatory Standards/CIS AWS Foundations Benchmark;FAIL;No CloudWatch log groups found with metric filters or alarms associated.;cloudwatch;;medium;AwsCloudTrailTrail;;;Ensure a log metric filter and alarm exist for AWS Config configuration changes.;Monitoring unauthorized API calls will help reveal application errors and may reduce time to detect malicious activity.;https://docs.aws.amazon.com/awscloudtrail/latest/userguide/cloudwatch-alarms-for-cloudtrail.html;It is recommended that a metric filter and alarm be established for unauthorized requests.;https://docs.aws.amazon.com/awscloudtrail/latest/userguide/cloudwatch-alarms-for-cloudtrail.html;;https://docs.bridgecrew.io/docs/monitoring_9#fix---buildtime;https://docs.bridgecrew.io/docs/monitoring_9#procedure;;CIS-1.4: 4.9 | CIS-1.5: 4.9 | MITRE-ATTACK: T1496 | GDPR: article_25 | ISO27001-2013: A.12.4 | CIS-2.0: 4.9 | AWS-Well-Architected-Framework-Security-Pillar: SEC04-BP04 | NIST-CSF-1.1: cm_2, ra_5, sc_4;;;;Logging and Monitoring;default;578739262764;;;;;;us-east-1;578739262764;arn:aws:iam::578739262764:root
2026-06-07T12:39:22.432298;prowler-aws-cloudwatch_log_metric_filter_and_alarm_for_cloudtrail_configuration_changes_enabled-578739262764-us-east-1-578739262764;aws;cloudwatch_log_metric_filter_and_alarm_for_cloudtrail_configuration_changes_enabled;Ensure a log metric filter and alarm exist for CloudTrail configuration changes.;Software and Configuration Checks/Industry and Regulatory Standards/CIS AWS Foundations Benchmark;FAIL;No CloudWatch log groups found with metric filters or alarms associated.;cloudwatch;;medium;AwsCloudTrailTrail;;;Ensure a log metric filter and alarm exist for CloudTrail configuration changes.;Monitoring unauthorized API calls will help reveal application errors and may reduce time to detect malicious activity.;https://docs.aws.amazon.com/awscloudtrail/latest/userguide/cloudwatch-alarms-for-cloudtrail.html;It is recommended that a metric filter and alarm be established for unauthorized requests.;https://docs.aws.amazon.com/awscloudtrail/latest/userguide/cloudwatch-alarms-for-cloudtrail.html;;https://docs.bridgecrew.io/docs/monitoring_5#fix---buildtime;https://docs.bridgecrew.io/docs/monitoring_5#procedure;;CISA: your-data-2 | CIS-1.4: 4.5 | CIS-1.5: 4.5 | MITRE-ATTACK: T1496 | GDPR: article_25 | ISO27001-2013: A.12.4 | CIS-2.0: 4.5 | AWS-Well-Architected-Framework-Security-Pillar: SEC04-BP04 | ENS-RD2022: op.exp.8.aws.ct.2, op.exp.8.r1.aws.ct.2 | NIST-CSF-1.1: cm_2, ra_5, sc_4;;;;Logging and Monitoring;default;578739262764;;;;;;us-east-1;578739262764;arn:aws:iam::578739262764:root
2026-06-07T12:39:22.432298;prowler-aws-cloudwatch_log_metric_filter_authentication_failures-578739262764-us-east-1-578739262764;aws;cloudwatch_log_metric_filter_authentication_failures;Ensure a log metric filter and alarm exist for AWS Management Console authentication failures.;Software and Configuration Checks/Industry and Regulatory Standards/CIS AWS Foundations Benchmark;FAIL;No CloudWatch log groups found with metric filters or alarms associated.;cloudwatch;;medium;AwsCloudTrailTrail;;;Ensure a log metric filter and alarm exist for AWS Management Console authentication failures.;Monitoring unauthorized API calls will help reveal application errors and may reduce time to detect malicious activity.;https://docs.aws.amazon.com/awscloudtrail/latest/userguide/cloudwatch-alarms-for-cloudtrail.html;It is recommended that a metric filter and alarm be established for unauthorized requests.;https://docs.aws.amazon.com/awscloudtrail/latest/userguide/cloudwatch-alarms-for-cloudtrail.html;;https://docs.bridgecrew.io/docs/monitoring_6#fix---buildtime;https://docs.bridgecrew.io/docs/monitoring_6#procedure;;CIS-1.4: 4.6 | CIS-1.5: 4.6 | MITRE-ATTACK: T1496 | GDPR: article_25 | ISO27001-2013: A.12.4 | HIPAA: 164_308_a_5_ii_c, 164_308_a_6_i, 164_308_a_6_ii | CIS-2.0: 4.6 | AWS-Well-Architected-Framework-Security-Pillar: SEC04-BP04 | ENS-RD2022: op.exp.8.aws.ct.5 | NIST-CSF-1.1: cm_2, ra_5, sc_4;;;;Logging and Monitoring;default;578739262764;;;;;;us-east-1;578739262764;arn:aws:iam::578739262764:root
2026-06-07T12:39:22.432298;prowler-aws-cloudwatch_log_metric_filter_aws_organizations_changes-578739262764-us-east-1-578739262764;aws;cloudwatch_log_metric_filter_aws_organizations_changes;Ensure a log metric filter and alarm exist for AWS Organizations changes.;Software and Configuration Checks/Industry and Regulatory Standards/CIS AWS Foundations Benchmark;FAIL;No CloudWatch log groups found with metric filters or alarms associated.;cloudwatch;;medium;AwsCloudTrailTrail;;;Ensure a log metric filter and alarm exist for AWS Organizations changes.;Monitoring unauthorized API calls will help reveal application errors and may reduce time to detect malicious activity.;https://docs.aws.amazon.com/awscloudtrail/latest/userguide/cloudwatch-alarms-for-cloudtrail.html;It is recommended that a metric filter and alarm be established for unauthorized requests.;https://docs.aws.amazon.com/awscloudtrail/latest/userguide/cloudwatch-alarms-for-cloudtrail.html;;;;https://www.trendmicro.com/cloudoneconformity/knowledge-base/aws/CloudWatchLogs/organizations-changes-alarm.html;CIS-1.4: 4.15 | CIS-1.5: 4.15 | MITRE-ATTACK: T1496 | CIS-2.0: 4.15 | AWS-Well-Architected-Framework-Security-Pillar: SEC04-BP04;;;;Logging and Monitoring;default;578739262764;;;;;;us-east-1;578739262764;arn:aws:iam::578739262764:root
2026-06-07T12:39:22.432298;prowler-aws-cloudwatch_log_metric_filter_disable_or_scheduled_deletion_of_kms_cmk-578739262764-us-east-1-578739262764;aws;cloudwatch_log_metric_filter_disable_or_scheduled_deletion_of_kms_cmk;Ensure a log metric filter and alarm exist for disabling or scheduled deletion of customer created KMS CMKs.;Software and Configuration Checks/Industry and Regulatory Standards/CIS AWS Foundations Benchmark;FAIL;No CloudWatch log groups found with metric filters or alarms associated.;cloudwatch;;medium;AwsCloudTrailTrail;;;Ensure a log metric filter and alarm exist for disabling or scheduled deletion of customer created KMS CMKs.;Monitoring unauthorized API calls will help reveal application errors and may reduce time to detect malicious activity.;https://docs.aws.amazon.com/awscloudtrail/latest/userguide/cloudwatch-alarms-for-cloudtrail.html;It is recommended that a metric filter and alarm be established for unauthorized requests.;https://docs.aws.amazon.com/awscloudtrail/latest/userguide/cloudwatch-alarms-for-cloudtrail.html;;https://docs.bridgecrew.io/docs/monitoring_7#fix---buildtime;https://docs.bridgecrew.io/docs/monitoring_7#procedure;;CIS-1.4: 4.7 | CIS-1.5: 4.7 | MITRE-ATTACK: T1485, T1496 | GDPR: article_25 | ISO27001-2013: A.10.1, A.12.4 | CIS-2.0: 4.7 | AWS-Well-Architected-Framework-Security-Pillar: SEC04-BP04 | ENS-RD2022: op.exp.10.aws.cmk.4, op.exp.10.aws.cmk.5 | NIST-CSF-1.1: cm_2, ra_5, sc_4;encryption;;;Logging and Monitoring;default;578739262764;;;;;;us-east-1;578739262764;arn:aws:iam::578739262764:root
2026-06-07T12:39:22.432298;prowler-aws-cloudwatch_log_metric_filter_for_s3_bucket_policy_changes-578739262764-us-east-1-578739262764;aws;cloudwatch_log_metric_filter_for_s3_bucket_policy_changes;Ensure a log metric filter and alarm exist for S3 bucket policy changes.;Software and Configuration Checks/Industry and Regulatory Standards/CIS AWS Foundations Benchmark;FAIL;No CloudWatch log groups found with metric filters or alarms associated.;cloudwatch;;medium;AwsCloudTrailTrail;;;Ensure a log metric filter and alarm exist for S3 bucket policy changes.;Monitoring unauthorized API calls will help reveal application errors and may reduce time to detect malicious activity.;https://docs.aws.amazon.com/awscloudtrail/latest/userguide/cloudwatch-alarms-for-cloudtrail.html;It is recommended that a metric filter and alarm be established for unauthorized requests.;https://docs.aws.amazon.com/awscloudtrail/latest/userguide/cloudwatch-alarms-for-cloudtrail.html;;https://docs.bridgecrew.io/docs/monitoring_8#fix---buildtime;https://docs.bridgecrew.io/docs/monitoring_8#procedure;;CIS-1.4: 4.8 | CIS-1.5: 4.8 | MITRE-ATTACK: T1496 | GDPR: article_25 | ISO27001-2013: A.12.4 | CIS-2.0: 4.8 | AWS-Well-Architected-Framework-Security-Pillar: SEC04-BP04 | NIST-CSF-1.1: cm_2, ra_5, sc_4;;;;Logging and Monitoring;default;578739262764;;;;;;us-east-1;578739262764;arn:aws:iam::578739262764:root
2026-06-07T12:39:22.432298;prowler-aws-cloudwatch_log_metric_filter_policy_changes-578739262764-us-east-1-578739262764;aws;cloudwatch_log_metric_filter_policy_changes;Ensure a log metric filter and alarm exist for IAM policy changes.;Software and Configuration Checks/Industry and Regulatory Standards/CIS AWS Foundations Benchmark;FAIL;No CloudWatch log groups found with metric filters or alarms associated.;cloudwatch;;medium;AwsCloudTrailTrail;;;Ensure a log metric filter and alarm exist for IAM policy changes.;Monitoring unauthorized API calls will help reveal application errors and may reduce time to detect malicious activity.;https://docs.aws.amazon.com/awscloudtrail/latest/userguide/cloudwatch-alarms-for-cloudtrail.html;It is recommended that a metric filter and alarm be established for unauthorized requests.;https://docs.aws.amazon.com/awscloudtrail/latest/userguide/cloudwatch-alarms-for-cloudtrail.html;;https://docs.bridgecrew.io/docs/monitoring_4#fix---buildtime;https://docs.bridgecrew.io/docs/monitoring_4#procedure;;CIS-1.4: 4.4 | CIS-1.5: 4.4 | MITRE-ATTACK: T1496 | GDPR: article_25 | ISO27001-2013: A.12.4 | CIS-2.0: 4.4 | AWS-Well-Architected-Framework-Security-Pillar: SEC04-BP04 | ENS-RD2022: op.exp.8.aws.ct.5 | NIST-CSF-1.1: cm_2, ra_5, sc_4;;;;Logging and Monitoring;default;578739262764;;;;;;us-east-1;578739262764;arn:aws:iam::578739262764:root
2026-06-07T12:39:22.432298;prowler-aws-cloudwatch_log_metric_filter_root_usage-578739262764-us-east-1-578739262764;aws;cloudwatch_log_metric_filter_root_usage;Ensure a log metric filter and alarm exist for usage of root account.;Software and Configuration Checks/Industry and Regulatory Standards/CIS AWS Foundations Benchmark;FAIL;No CloudWatch log groups found with metric filters or alarms associated.;cloudwatch;;medium;AwsCloudTrailTrail;;;Ensure a log metric filter and alarm exist for usage of root account.;Monitoring unauthorized API calls will help reveal application errors and may reduce time to detect malicious activity.;https://docs.aws.amazon.com/awscloudtrail/latest/userguide/cloudwatch-alarms-for-cloudtrail.html;It is recommended that a metric filter and alarm be established for unauthorized requests.;https://docs.aws.amazon.com/awscloudtrail/latest/userguide/cloudwatch-alarms-for-cloudtrail.html;;https://docs.bridgecrew.io/docs/monitoring_3#fix---buildtime;https://docs.bridgecrew.io/docs/monitoring_3#procedure;;CIS-1.4: 4.3 | CIS-1.5: 4.3 | MITRE-ATTACK: T1496 | GDPR: article_25 | ISO27001-2013: A.12.4 | HIPAA: 164_308_a_6_i, 164_308_a_6_ii | CIS-2.0: 4.3 | AWS-Well-Architected-Framework-Security-Pillar: SEC04-BP04 | ENS-RD2022: op.exp.8.aws.ct.5, op.exp.8.aws.cw.1 | NIST-CSF-1.1: cm_2, ra_5, sc_4 | PCI-3.2.1: cw;;;;Logging and Monitoring;default;578739262764;;;;;;us-east-1;578739262764;arn:aws:iam::578739262764:root
2026-06-07T12:39:22.432298;prowler-aws-cloudwatch_log_metric_filter_security_group_changes-578739262764-us-east-1-578739262764;aws;cloudwatch_log_metric_filter_security_group_changes;Ensure a log metric filter and alarm exist for security group changes.;Software and Configuration Checks/Industry and Regulatory Standards/CIS AWS Foundations Benchmark;FAIL;No CloudWatch log groups found with metric filters or alarms associated.;cloudwatch;;medium;AwsCloudTrailTrail;;;Ensure a log metric filter and alarm exist for security group changes.;Monitoring unauthorized API calls will help reveal application errors and may reduce time to detect malicious activity.;https://docs.aws.amazon.com/awscloudtrail/latest/userguide/cloudwatch-alarms-for-cloudtrail.html;It is recommended that a metric filter and alarm be established for unauthorized requests.;https://docs.aws.amazon.com/awscloudtrail/latest/userguide/cloudwatch-alarms-for-cloudtrail.html;;https://docs.bridgecrew.io/docs/monitoring_10#fix---buildtime;https://docs.bridgecrew.io/docs/monitoring_10#procedure;;CIS-1.4: 4.10 | CIS-1.5: 4.10 | MITRE-ATTACK: T1496 | GDPR: article_25 | ISO27001-2013: A.12.4 | CIS-2.0: 4.10 | AWS-Well-Architected-Framework-Security-Pillar: SEC04-BP04 | NIST-CSF-1.1: cm_2, ra_5, sc_4;;;;Logging and Monitoring;default;578739262764;;;;;;us-east-1;578739262764;arn:aws:iam::578739262764:root
2026-06-07T12:39:22.432298;prowler-aws-cloudwatch_log_metric_filter_sign_in_without_mfa-578739262764-us-east-1-578739262764;aws;cloudwatch_log_metric_filter_sign_in_without_mfa;Ensure a log metric filter and alarm exist for Management Console sign-in without MFA.;Software and Configuration Checks/Industry and Regulatory Standards/CIS AWS Foundations Benchmark;FAIL;No CloudWatch log groups found with metric filters or alarms associated.;cloudwatch;;medium;AwsCloudTrailTrail;;;Ensure a log metric filter and alarm exist for Management Console sign-in without MFA.;Monitoring unauthorized API calls will help reveal application errors and may reduce time to detect malicious activity.;https://docs.aws.amazon.com/awscloudtrail/latest/userguide/cloudwatch-alarms-for-cloudtrail.html;It is recommended that a metric filter and alarm be established for unauthorized requests.;https://docs.aws.amazon.com/awscloudtrail/latest/userguide/cloudwatch-alarms-for-cloudtrail.html;;https://docs.bridgecrew.io/docs/monitoring_2#fix---buildtime;https://docs.bridgecrew.io/docs/monitoring_2#procedure;;CIS-1.4: 4.2 | CIS-1.5: 4.2 | MITRE-ATTACK: T1496 | GDPR: article_25 | ISO27001-2013: A.12.4 | CIS-2.0: 4.2 | AWS-Well-Architected-Framework-Security-Pillar: SEC04-BP04 | ENS-RD2022: op.exp.8.aws.ct.5 | NIST-CSF-1.1: cm_2, ra_5, sc_4;;;;Logging and Monitoring;default;578739262764;;;;;;us-east-1;578739262764;arn:aws:iam::578739262764:root
2026-06-07T12:39:22.432298;prowler-aws-cloudwatch_log_metric_filter_unauthorized_api_calls-578739262764-us-east-1-578739262764;aws;cloudwatch_log_metric_filter_unauthorized_api_calls;Ensure a log metric filter and alarm exist for unauthorized API calls.;Software and Configuration Checks/Industry and Regulatory Standards/CIS AWS Foundations Benchmark;FAIL;No CloudWatch log groups found with metric filters or alarms associated.;cloudwatch;;medium;AwsCloudTrailTrail;;;Ensure a log metric filter and alarm exist for unauthorized API calls.;Monitoring unauthorized API calls will help reveal application errors and may reduce time to detect malicious activity.;https://docs.aws.amazon.com/awscloudtrail/latest/userguide/cloudwatch-alarms-for-cloudtrail.html;It is recommended that a metric filter and alarm be established for unauthorized requests.;https://docs.aws.amazon.com/awscloudtrail/latest/userguide/cloudwatch-alarms-for-cloudtrail.html;;https://docs.bridgecrew.io/docs/monitoring_1#fix---buildtime;https://docs.bridgecrew.io/docs/monitoring_1#procedure;;CIS-1.4: 4.1 | CIS-1.5: 4.1 | MITRE-ATTACK: T1496 | GDPR: article_25 | ISO27001-2013: A.12.4 | CIS-2.0: 4.1 | AWS-Well-Architected-Framework-Security-Pillar: SEC04-BP04 | ENS-RD2022: op.exp.8.aws.ct.5 | NIST-CSF-1.1: cm_2, ra_5, sc_4;;;;Logging and Monitoring;default;578739262764;;;;;;us-east-1;578739262764;arn:aws:iam::578739262764:root
2026-06-07T12:39:22.432298;prowler-aws-fms_policy_compliant-578739262764-us-east-1-578739262764;aws;fms_policy_compliant;Ensure that all FMS policies inside an admin account are compliant;;PASS;FMS enabled with all compliant accounts.;fms;;medium;Other;;;This check ensures all FMS policies inside an admin account are compliant;If FMS policies are not compliant, means there are resources unprotected by the policies;https://docs.aws.amazon.com/waf/latest/developerguide/getting-started-fms-intro.html;Ensure FMS is enabled and all the policies are compliant across your AWS accounts;https://docs.aws.amazon.com/waf/latest/developerguide/getting-started-fms-intro.html;;;aws fms list-policies;;;;;;;default;578739262764;;;;;;us-east-1;578739262764;arn:aws:iam::578739262764:root
2026-06-07T12:39:22.432298;prowler-aws-iam_password_policy_expires_passwords_within_90_days_or_less-578739262764-us-east-1-578739262764;aws;iam_password_policy_expires_passwords_within_90_days_or_less;Ensure IAM password policy expires passwords within 90 days or less;Software and Configuration Checks,Industry and Regulatory Standards,CIS AWS Foundations Benchmark;FAIL;Password policy cannot be found.;iam;;medium;AwsIamPasswordPolicy;;;Ensure IAM password policy expires passwords within 90 days or less;Password policies are used to enforce password complexity requirements. IAM password policies can be used to ensure password are comprised of different character sets. It is recommended that the password policy require at least one uppercase letter.;;Ensure Password expiration period (in days): is set to 90 or less.;https://docs.aws.amazon.com/IAM/latest/UserGuide/id_credentials_passwords_account-policy.html;;;;;MITRE-ATTACK: T1078, T1110 | ISO27001-2013: A.9.2, A.9.3, A.9.4 | AWS-Well-Architected-Framework-Security-Pillar: SEC03-BP06 | NIST-800-171-Revision-2: 3_5_5, 3_5_6, 3_5_7, 3_5_8 | ENS-RD2022: op.acc.6.aws.iam.3;;;;;default;578739262764;;;;;;us-east-1;578739262764;arn:aws:iam::578739262764:root
2026-06-07T12:39:22.432298;prowler-aws-iam_password_policy_lowercase-578739262764-us-east-1-578739262764;aws;iam_password_policy_lowercase;Ensure IAM password policy require at least one lowercase letter;Software and Configuration Checks,Industry and Regulatory Standards,CIS AWS Foundations Benchmark;FAIL;Password policy cannot be found.;iam;;medium;AwsIamPasswordPolicy;;;Ensure IAM password policy requires at least one uppercase letter;Password policies are used to enforce password complexity requirements. IAM password policies can be used to ensure password are comprised of different character sets. It is recommended that the password policy require at least one lowercase letter.;;"Ensure ""Requires at least one lowercase letter"" is checked under ""Password Policy"".";https://docs.aws.amazon.com/IAM/latest/UserGuide/id_credentials_passwords_account-policy.html;;;;;CISA: your-systems-3, your-surroundings-4 | MITRE-ATTACK: T1078, T1110 | GDPR: article_25 | ISO27001-2013: A.9.2, A.9.3, A.9.4 | HIPAA: 164_308_a_5_ii_d | GxP-21-CFR-Part-11: 11.10-d, 11.10-g, 11.200, 11.300-b | AWS-Well-Architected-Framework-Security-Pillar: SEC02-BP01 | NIST-800-171-Revision-2: 3_5_7 | ENS-RD2022: op.acc.6.r1.aws.iam.1 | FFIEC: d3-pc-am-b-6, d3-pc-am-b-7 | PCI-3.2.1: iam;;;;;default;578739262764;;;;;;us-east-1;578739262764;arn:aws:iam::578739262764:root
2026-06-07T12:39:22.432298;prowler-aws-iam_password_policy_minimum_length_14-578739262764-us-east-1-578739262764;aws;iam_password_policy_minimum_length_14;Ensure IAM password policy requires minimum length of 14 or greater;Software and Configuration Checks,Industry and Regulatory Standards,CIS AWS Foundations Benchmark;FAIL;Password policy cannot be found.;iam;;medium;AwsIamPasswordPolicy;;;Ensure IAM password policy requires minimum length of 14 or greater;Password policies are used to enforce password complexity requirements. IAM password policies can be used to ensure password are comprised of different character sets. It is recommended that the password policy require minimum length of 14 or greater.;;"Ensure ""Minimum password length"" is checked under ""Password Policy"".";https://docs.aws.amazon.com/IAM/latest/UserGuide/id_credentials_passwords_account-policy.html;;;;;CISA: your-systems-3, your-surroundings-4 | CIS-1.4: 1.8 | CIS-1.5: 1.8 | MITRE-ATTACK: T1078, T1110 | GDPR: article_25 | AWS-Foundational-Security-Best-Practices: iam | ISO27001-2013: A.9.2, A.9.3, A.9.4 | HIPAA: 164_308_a_5_ii_d | CIS-2.0: 1.8 | GxP-21-CFR-Part-11: 11.10-d, 11.10-g, 11.200, 11.300-b | AWS-Well-Architected-Framework-Security-Pillar: SEC02-BP01 | NIST-800-171-Revision-2: 3_5_7 | NIST-800-53-Revision-5: ac_2_1, ac_2_3_a, ac_2_3_b, ac_2_3_c, ac_2_3_d, ac_2_3, ac_2_d_1, ac_3_3, ac_3_3_a, ac_3_3_b_1, ac_3_3_b_2, ac_3_3_b_3, ac_3_3_b_4, ac_3_3_b_5, ac_3_3_c, ac_3_4, ac_3_4_a, ac_3_4_b, ac_3_4_c, ac_3_4_d, ac_3_4_e, ac_3_8, ac_3_12_a, ac_3_13, ac_3_15_a, ac_3_15_b, ac_4_28, ac_7_4, ac_7_4_a, ac_24, cm_5_1_a, cm_6_a, cm_9_b, cm_12_b, ia_4_d, ia_5, ia_5_b, ia_5_c, ia_5_d, ia_5_f, ia_5_h, ia_5_1_f, ia_5_1_g, ia_5_1_h, ia_5_1_h, ia_5_18_a, ia_5_18_b, ia_8_2_b, ma_4_c, sc_23_3 | ENS-RD2022: op.acc.6.r1.aws.iam.1 | FFIEC: d3-pc-am-b-6, d3-pc-am-b-7 | PCI-3.2.1: iam | FedRamp-Moderate-Revision-4: ac-2-1, ac-2-f, ac-2-j, ac-2-3, ac-5-c, ia-2, ia-5-1-a-d-e, ia-5-4 | FedRAMP-Low-Revision-4: ac-2, ia-2;;;;;default;578739262764;;;;;;us-east-1;578739262764;arn:aws:iam::578739262764:root
2026-06-07T12:39:22.432298;prowler-aws-iam_password_policy_number-578739262764-us-east-1-578739262764;aws;iam_password_policy_number;Ensure IAM password policy require at least one number;Software and Configuration Checks,Industry and Regulatory Standards,CIS AWS Foundations Benchmark;FAIL;Password policy cannot be found.;iam;;medium;AwsIamPasswordPolicy;;;Ensure IAM password policy require at least one number;Password policies are used to enforce password complexity requirements. IAM password policies can be used to ensure password are comprised of different character sets. It is recommended that the password policy require at least one number.;;"Ensure ""Require at least one number"" is checked under ""Password Policy"".";https://docs.aws.amazon.com/IAM/latest/UserGuide/id_credentials_passwords_account-policy.html;;;;;CISA: your-systems-3, your-surroundings-4 | MITRE-ATTACK: T1078, T1110 | GDPR: article_25 | ISO27001-2013: A.9.2, A.9.3, A.9.4 | HIPAA: 164_308_a_5_ii_d | GxP-21-CFR-Part-11: 11.10-d, 11.10-g, 11.200, 11.300-b | AWS-Well-Architected-Framework-Security-Pillar: SEC02-BP01 | NIST-800-171-Revision-2: 3_5_7 | ENS-RD2022: op.acc.6.r1.aws.iam.1 | FFIEC: d3-pc-am-b-6, d3-pc-am-b-7 | PCI-3.2.1: iam;;;;;default;578739262764;;;;;;us-east-1;578739262764;arn:aws:iam::578739262764:root
2026-06-07T12:39:22.432298;prowler-aws-iam_password_policy_reuse_24-578739262764-us-east-1-578739262764;aws;iam_password_policy_reuse_24;Ensure IAM password policy prevents password reuse: 24 or greater;Software and Configuration Checks,Industry and Regulatory Standards,CIS AWS Foundations Benchmark;FAIL;Password policy cannot be found.;iam;;medium;AwsIamPasswordPolicy;;;Ensure IAM password policy prevents password reuse: 24 or greater;Password policies are used to enforce password complexity requirements. IAM password policies can be used to ensure password are comprised of different character sets. It is recommended that the password policy prevents at least password reuse of 24 or greater.;;"Ensure ""Number of passwords to remember"" is set to 24.";https://docs.aws.amazon.com/IAM/latest/UserGuide/id_credentials_passwords_account-policy.html;;;;;CIS-1.4: 1.9 | CIS-1.5: 1.9 | MITRE-ATTACK: T1078, T1110 | GDPR: article_25 | ISO27001-2013: A.9.2, A.9.3, A.9.4 | HIPAA: 164_308_a_4_ii_c, 164_308_a_5_ii_d, 164_312_d | CIS-2.0: 1.9 | AWS-Well-Architected-Framework-Security-Pillar: SEC02-BP01 | NIST-800-171-Revision-2: 3_5_5, 3_5_6, 3_5_7, 3_5_8 | NIST-800-53-Revision-4: ac_2_1, ac_2, ia_2, ia_5_1, ia_5_4 | ENS-RD2022: op.acc.6.r1.aws.iam.1 | NIST-CSF-1.1: ac_1 | RBI-Cyber-Security-Framework: annex_i_7_2;;;;;default;578739262764;;;;;;us-east-1;578739262764;arn:aws:iam::578739262764:root
2026-06-07T12:39:22.432298;prowler-aws-iam_password_policy_symbol-578739262764-us-east-1-578739262764;aws;iam_password_policy_symbol;Ensure IAM password policy require at least one symbol;Software and Configuration Checks,Industry and Regulatory Standards,CIS AWS Foundations Benchmark;FAIL;Password policy cannot be found.;iam;;medium;AwsIamPasswordPolicy;;;Ensure IAM password policy require at least one symbol;Password policies are used to enforce password complexity requirements. IAM password policies can be used to ensure password are comprised of different character sets. It is recommended that the password policy require at least one non-alphanumeric character.;;"Ensure ""Require at least one non-alphanumeric character"" is checked under ""Password Policy"".";https://docs.aws.amazon.com/IAM/latest/UserGuide/id_credentials_passwords_account-policy.html;;;;;CISA: your-systems-3, your-surroundings-4 | MITRE-ATTACK: T1078, T1110 | GDPR: article_25 | ISO27001-2013: A.9.2, A.9.3, A.9.4 | HIPAA: 164_308_a_5_ii_d | GxP-21-CFR-Part-11: 11.10-d, 11.10-g, 11.200, 11.300-b | AWS-Well-Architected-Framework-Security-Pillar: SEC02-BP01 | NIST-800-171-Revision-2: 3_5_7 | ENS-RD2022: op.acc.6.r1.aws.iam.1 | FFIEC: d3-pc-am-b-6, d3-pc-am-b-7 | PCI-3.2.1: iam;;;;;default;578739262764;;;;;;us-east-1;578739262764;arn:aws:iam::578739262764:root
2026-06-07T12:39:22.432298;prowler-aws-iam_password_policy_uppercase-578739262764-us-east-1-578739262764;aws;iam_password_policy_uppercase;Ensure IAM password policy requires at least one uppercase letter;Software and Configuration Checks,Industry and Regulatory Standards,CIS AWS Foundations Benchmark;FAIL;Password policy cannot be found.;iam;;medium;AwsIamPasswordPolicy;;;Ensure IAM password policy requires at least one uppercase letter;Password policies are used to enforce password complexity requirements. IAM password policies can be used to ensure password are comprised of different character sets. It is recommended that the password policy require at least one uppercase letter.;;"Ensure ""Requires at least one uppercase letter"" is checked under ""Password Policy"".";https://docs.aws.amazon.com/IAM/latest/UserGuide/id_credentials_passwords_account-policy.html;;;;;CISA: your-systems-3, your-surroundings-4 | MITRE-ATTACK: T1078, T1110 | GDPR: article_25 | ISO27001-2013: A.9.2, A.9.3, A.9.4 | HIPAA: 164_308_a_5_ii_d | GxP-21-CFR-Part-11: 11.10-d, 11.10-g, 11.200, 11.300-b | AWS-Well-Architected-Framework-Security-Pillar: SEC02-BP01 | NIST-800-171-Revision-2: 3_5_7 | ENS-RD2022: op.acc.6.r1.aws.iam.1 | FFIEC: d3-pc-am-b-6, d3-pc-am-b-7 | PCI-3.2.1: iam;;;;;default;578739262764;;;;;;us-east-1;578739262764;arn:aws:iam::578739262764:root
2026-06-07T12:39:22.432298;prowler-aws-iam_securityaudit_role_created-578739262764-us-east-1-SecurityAudit;aws;iam_securityaudit_role_created;Ensure a Security Audit role has been created to conduct security audits;Software and Configuration Checks,Industry and Regulatory Standards,CIS AWS Foundations Benchmark;FAIL;SecurityAudit policy is not attached to any role.;iam;;low;AwsIamRole;;;Ensure a Security Audit role has been created to conduct security audits;Creating an IAM role with a security audit policy provides a clear separation of duties between the security team and other teams within the organization. This helps to ensure that security-related activities are performed by authorized individuals with the appropriate expertise and access permissions.;;Create an IAM role for conduct security audits with AWS.;https://docs.aws.amazon.com/IAM/latest/UserGuide/access_policies_job-functions.html#jf_security-auditor;;;;;ENS-RD2022: op.acc.3.r2.aws.iam.1;;;;;default;578739262764;;;;;;us-east-1;SecurityAudit;arn:aws:iam::aws:policy/SecurityAudit
2026-06-07T12:39:22.432298;prowler-aws-iam_support_role_created-578739262764-us-east-1-AWSSupportServiceRolePolicy;aws;iam_support_role_created;Ensure a support role has been created to manage incidents with AWS Support;Software and Configuration Checks,Industry and Regulatory Standards,CIS AWS Foundations Benchmark;FAIL;Support policy is not attached to any role.;iam;;medium;AwsIamRole;;;Ensure a support role has been created to manage incidents with AWS Support;"AWS provides a support center that can be used for incident notification and response; as well as technical support and customer services. Create an IAM Role to allow authorized users to manage incidents with AWS Support.";;Create an IAM role for managing incidents with AWS.;https://docs.aws.amazon.com/awssupport/latest/user/using-service-linked-roles-sup.html;;;;;CIS-1.4: 1.17 | CIS-1.5: 1.17 | GDPR: article_25 | CIS-2.0: 1.17 | AWS-Well-Architected-Framework-Security-Pillar: SEC10-BP01 | ENS-RD2022: op.acc.3.r1.aws.iam.1;;;;CAF Security Epic: IAM;default;578739262764;;;;;;us-east-1;AWSSupportServiceRolePolicy;arn:aws:iam::aws:policy/aws-service-role/AWSSupportServiceRolePolicy
2026-06-07T12:39:22.432298;prowler-aws-resourceexplorer2_indexes_found-578739262764-us-east-1-578739262764;aws;resourceexplorer2_indexes_found;Resource Explorer Indexes Found;;FAIL;No Resource Explorer Indexes found.;resourceexplorer2;;low;Other;;;Resource Explorer Indexes Found;Not having Resource Explorer indexes can result in increased complexity and overhead in managing your resources, as well as increased risk of security and compliance issues.;;Create indexes;https://docs.aws.amazon.com/resource-explorer/latest/userguide/manage-service-turn-on-region.html;;;;;ENS-RD2022: op.exp.1.aws.re.1;;;;;default;578739262764;;;;;;us-east-1;578739262764;arn:aws:iam::578739262764:root
2026-06-07T12:39:22.432298;prowler-aws-s3_account_level_public_access_blocks-578739262764-us-east-1-578739262764;aws;s3_account_level_public_access_blocks;Check S3 Account Level Public Access Block.;Data Protection;FAIL;Block Public Access is not configured for the account 578739262764.;s3;;high;AwsS3Bucket;;;Check S3 Account Level Public Access Block.;Public access policies may be applied to sensitive data buckets.;;You can enable Public Access Block at the account level to prevent the exposure of your data stored in S3.;https://docs.aws.amazon.com/AmazonS3/latest/userguide/access-control-block-public-access.html;https://docs.bridgecrew.io/docs/bc_aws_s3_21#cloudformation;https://docs.bridgecrew.io/docs/bc_aws_s3_21#terraform;aws s3control put-public-access-block --public-access-block-configuration BlockPublicAcls=true,IgnorePublicAcls=true,BlockPublicPolicy=true,RestrictPublicBuckets=true --account-id <account_id>;https://github.com/cloudmatos/matos/tree/master/remediations/aws/s3/s3control/block-public-access;CISA: your-systems-3, your-data-2 | CIS-1.4: 2.1.5 | CIS-1.5: 2.1.5 | MITRE-ATTACK: T1530 | AWS-Foundational-Security-Best-Practices: s3 | HIPAA: 164_308_a_1_ii_b, 164_308_a_3_i | CIS-2.0: 2.1.5 | GxP-21-CFR-Part-11: 11.10-d, 11.10-g | AWS-Well-Architected-Framework-Security-Pillar: SEC03-BP07 | NIST-800-171-Revision-2: 3_1_1, 3_1_2, 3_1_3, 3_1_14, 3_1_20, 3_3_8, 3_4_6, 3_13_2, 3_13_5 | NIST-800-53-Revision-4: sc_7_3, sc_7 | NIST-800-53-Revision-5: ac_2_6, ac_3, ac_3_7, ac_4_21, ac_6, ac_17_b, ac_17_1, ac_17_4_a, ac_17_9, ac_17_10, cm_6_a, cm_9_b, mp_2, sc_7_2, sc_7_3, sc_7_7, sc_7_9_a, sc_7_11, sc_7_12, sc_7_16, sc_7_20, sc_7_21, sc_7_24_b, sc_7_25, sc_7_26, sc_7_27, sc_7_28, sc_7_a, sc_7_b, sc_7_c, sc_25 | NIST-CSF-1.1: ac_3, ac_5, ds_5, ip_8, pt_3 | FFIEC: d3-pc-im-b-1 | FedRamp-Moderate-Revision-4: ac-3, ac-6, ac-17-1, ac-21-b, cm-2, sc-4, sc-7-3, sc-7 | FedRAMP-Low-Revision-4: ac-3, ac-17, cm-2, sc-7;;;;;default;578739262764;;;;;;us-east-1;578739262764;arn:aws:iam::578739262764:root
2026-06-07T12:39:22.432298;prowler-aws-ssmincidents_enabled_with_plans-578739262764-us-east-1-578739262764;aws;ssmincidents_enabled_with_plans;Ensure SSM Incidents is enabled with response plans.;;FAIL;No SSM Incidents replication set exists.;ssm;;low;Other;;;Ensure SSM Incidents is enabled with response plans.;Not having SSM Incidents enabled can increase the risk of delayed detection and response to security incidents, unauthorized access, limited visibility into incidents and vulnerabilities;https://docs.aws.amazon.com/incident-manager/latest/userguide/response-plans.html;Enable SSM Incidents and create response plans;https://docs.aws.amazon.com/incident-manager/latest/userguide/response-plans.html;;;aws ssm-incidents create-response-plan;;ENS-RD2022: op.exp.9.aws.img.1;;;;;default;578739262764;;;;;;us-east-1;578739262764;arn:aws:iam::578739262764:root
2026-06-07T12:39:22.432298;prowler-aws-trustedadvisor_errors_and_warnings-578739262764-us-east-1-578739262764;aws;trustedadvisor_errors_and_warnings;Check Trusted Advisor for errors and warnings.;;INFO;Amazon Web Services Premium Support Subscription is required to use this service.;trustedadvisor;;medium;Other;;;Check Trusted Advisor for errors and warnings.;Improve the security of your application by closing gaps, enabling various AWS security features and examining your permissions.;https://aws.amazon.com/premiumsupport/technology/trusted-advisor/best-practice-checklist/;Review and act upon its recommendations.;https://aws.amazon.com/premiumsupport/technology/trusted-advisor/best-practice-checklist/;;;;https://www.trendmicro.com/cloudoneconformity/knowledge-base/aws/TrustedAdvisor/checks.html;;;;;;default;578739262764;;;;;;us-east-1;578739262764;arn:aws:iam::578739262764:root
2026-06-07T12:39:22.432298;prowler-aws-trustedadvisor_premium_support_plan_subscribed-578739262764-us-east-1-578739262764;aws;trustedadvisor_premium_support_plan_subscribed;Check if a Premium support plan is subscribed;;FAIL;Amazon Web Services Premium Support Plan isn't subscribed.;support;;low;;;;Check if a Premium support plan is subscribed.;Ensure that the appropriate support level is enabled for the necessary AWS accounts. For example, if an AWS account is being used to host production systems and environments, it is highly recommended that the minimum AWS Support Plan should be Business.;https://aws.amazon.com/premiumsupport/plans/;It is recommended that you subscribe to the AWS Business Support tier or higher for all of your AWS production accounts. If you don't have premium support, you must have an action plan to handle issues which require help from AWS Support. AWS Support provides a mix of tools and technology, people, and programs designed to proactively help you optimize performance, lower costs, and innovate faster.;https://www.trendmicro.com/cloudoneconformity-staging/knowledge-base/aws/Support/support-plan.html;;;;https://www.trendmicro.com/cloudoneconformity-staging/knowledge-base/aws/Support/support-plan.html;;;;;;default;578739262764;;;;;;us-east-1;578739262764;arn:aws:iam::578739262764:root
2026-06-07T12:39:22.432298;prowler-aws-vpc_different_regions-578739262764-us-east-1-578739262764;aws;vpc_different_regions;Ensure there are VPCs in more than one region;Infrastructure Security;FAIL;VPCs found only in one region.;vpc;subnet;medium;AwsEc2Vpc;;;Ensure there are VPCs in more than one region;;https://docs.aws.amazon.com/vpc/latest/userguide/VPC_Scenario2.html;Ensure there are VPCs in more than one region;https://docs.aws.amazon.com/vpc/latest/userguide/vpc-example-private-subnets-nat.html;;;aws ec2 create-vpc;;;;;;;default;578739262764;;;;;;us-east-1;578739262764;arn:aws:iam::578739262764:root
